CREATE DATABASE  IF NOT EXISTS `dbturismojapon` /*!40100 DEFAULT CHARACTER SET utf8 */;
USE `dbturismojapon`;
-- MySQL dump 10.13  Distrib 8.0.17, for Win64 (x86_64)
--
-- Host: 127.0.0.1    Database: dbturismojapon
-- ------------------------------------------------------
-- Server version	5.7.27-log

/*!40101 SET @OLD_CHARACTER_SET_CLIENT=@@CHARACTER_SET_CLIENT */;
/*!40101 SET @OLD_CHARACTER_SET_RESULTS=@@CHARACTER_SET_RESULTS */;
/*!40101 SET @OLD_COLLATION_CONNECTION=@@COLLATION_CONNECTION */;
/*!50503 SET NAMES utf8 */;
/*!40103 SET @OLD_TIME_ZONE=@@TIME_ZONE */;
/*!40103 SET TIME_ZONE='+00:00' */;
/*!40014 SET @OLD_UNIQUE_CHECKS=@@UNIQUE_CHECKS, UNIQUE_CHECKS=0 */;
/*!40014 SET @OLD_FOREIGN_KEY_CHECKS=@@FOREIGN_KEY_CHECKS, FOREIGN_KEY_CHECKS=0 */;
/*!40101 SET @OLD_SQL_MODE=@@SQL_MODE, SQL_MODE='NO_AUTO_VALUE_ON_ZERO' */;
/*!40111 SET @OLD_SQL_NOTES=@@SQL_NOTES, SQL_NOTES=0 */;

--
-- Table structure for table `atracciones`
--

DROP TABLE IF EXISTS `atracciones`;
/*!40101 SET @saved_cs_client     = @@character_set_client */;
/*!50503 SET character_set_client = utf8mb4 */;
CREATE TABLE `atracciones` (
  `Id` int(11) NOT NULL AUTO_INCREMENT,
  `Titulo` varchar(45) NOT NULL,
  `Portada` varchar(45) DEFAULT NULL,
  `Contenido` text NOT NULL,
  `IdTipo` int(11) NOT NULL,
  `IdCiudad` int(11) NOT NULL,
  PRIMARY KEY (`Id`),
  KEY `fk_Atracciones_TipoAtraccion1_idx` (`IdTipo`),
  KEY `fk_Atracciones_Ciudades1_idx` (`IdCiudad`),
  CONSTRAINT `fk_Atracciones_Ciudades1` FOREIGN KEY (`IdCiudad`) REFERENCES `ciudades` (`Id`) ON DELETE NO ACTION ON UPDATE NO ACTION,
  CONSTRAINT `fk_Atracciones_TipoAtraccion1` FOREIGN KEY (`IdTipo`) REFERENCES `tipoatraccion` (`Id`) ON DELETE NO ACTION ON UPDATE NO ACTION
) ENGINE=InnoDB AUTO_INCREMENT=12 DEFAULT CHARSET=utf8;
/*!40101 SET character_set_client = @saved_cs_client */;

--
-- Dumping data for table `atracciones`
--

LOCK TABLES `atracciones` WRITE;
/*!40000 ALTER TABLE `atracciones` DISABLE KEYS */;
INSERT INTO `atracciones` VALUES (1,'Jardín Kyu Shiba Rikyu',NULL,'<h3>Informaci&oacute;n sobre el Jard&iacute;n Kyu Shiba Rikyu de Tokyo</h3>\r\n<hr />\r\n<p><span class=\"abb\"><span class=\"texto\">El <strong>Jard&iacute;n Kyu Shiba Rikyu</strong> de <strong>Tokyo</strong> (旧芝離宮, Kyū Shiba Rikyū) es un jard&iacute;n paisajista japon&eacute;s del centro de Tokyo, al lado de la estaci&oacute;n Hamamatsucho y cerca de los Jardines Hama Rikyu.<br />El jard&iacute;n se caracteriza por tener elementos t&iacute;picos de los jardines paisajistas japoneses como es un estanque y colinas artificiales que simbolizan el oc&eacute;ano, los lagos y monta&ntilde;as del mundo real. Adem&aacute;s tiene caminos circulares para poder verlo desde todos los puntos de vista posibles.<br />Durante el <strong>Per&iacute;odo Edo</strong>, el <strong>Jard&iacute;n Kyu Shiba Rikyu</strong> sol&iacute;a ser la residencia de algunos se&ntilde;ores feudales y funcionarios del gobierno. En el a&ntilde;o 1875 despu&eacute;s de la ca&iacute;da del gobierno feudal, se convirti&oacute; en una villa imperial pero fue destruida por el gran terremoto de Kanto en <strong>1923</strong>.</span></span></p>\r\n<h3>C&oacute;mo llegar al Jard&iacute;n Kyu Shiba Rikyu de Tokyo</h3>\r\n<hr />\r\n<h4>Paso 1</h4>\r\n<p><span class=\"abb\">Desde la estaci&oacute;n de Tokyo, por la l&iacute;nea \'Keihintohoku Line\' o \'Yamanote Line\' en direcci&oacute;n a Sakuragicho durante 3 paradas (6 minutos) hasta la estaci&oacute;n de <strong>Hamamatsucho</strong>.</span></p>\r\n<h4><span class=\"abb\">Precio</span></h4>\r\n<p><span class=\"abb\">160&yen;.</span></p>\r\n<h4><span class=\"abb\">Paso 2</span></h4>\r\n<p><span class=\"abb\">Una vez all&iacute; habr&aacute; que andar durante 1 minuto en direcci&oacute;n <strong>este</strong>.</span></p>\r\n<h3>Horario y Precio del Jard&iacute;n Kyu Shiba Rikyu de Tokyo</h3>\r\n<hr />\r\n<h4>Horario</h4>\r\n<p><span class=\"abb\">De 09:00 a 17:00.</span></p>\r\n<h4><span class=\"abb\">Cerrado</span></h4>\r\n<p><span class=\"abb\">Cerrado del 29 de Diciembre al 3 de Enero.</span></p>\r\n<h4><span class=\"abb\">Precio</span></h4>\r\n<p><span class=\"abb\">150&yen;.</span></p>',1,1),(2,'Torre de Tokyo',NULL,'<h3>Informaci&oacute;n sobre el Torre de Tokyo de Tokyo</h3>\r\n<hr />\r\n<p><span class=\"abb\"><span class=\"texto\">La <strong>Torre de Tokyo</strong> o <strong>Tokyo Tower</strong> ((東京タワー, Tōkyō Tawa) tiene <strong>333 metros</strong> de altura y es la torre de acero autoabastecida m&aacute;s alta del mundo. Mide 13 metros m&aacute;s que la Torre Eiffel de Par&iacute;s. La Torre de Tokyo fue el edificio m&aacute;s alto de Jap&oacute;n en el a&ntilde;o de su construcci&oacute;n en <strong>1958</strong>, hasta 2012 que fue cuando se construy&oacute; el Tokyo Skytree. Adem&aacute;s de ser una destacada atracci&oacute;n que se llena siempre de turistas, la <strong>Torre de Tokyo</strong> sirve tambi&eacute;n como antena de radiodifusi&oacute;n.</span></span></p>\r\n<p><span class=\"abb\"><span class=\"texto\">El <strong>observatorio principal</strong> de la <strong>Torre de Tokyo</strong> est&aacute; a <strong>150 metros</strong> y se accede a trav&eacute;s del ascensor o por unas escaleras de <strong>600 pelda&ntilde;os</strong>. Gracias a la situaci&oacute;n de la torre se pueden tener unas magn&iacute;ficas vistas de la ciudad, adem&aacute;s tambi&eacute;n hay algunos cristales en el suelo para que puedas observar Tokyo desde un &aacute;ngulo distinto. En este observatorio tambi&eacute;n hay una tienda de recuerdos y una cafeter&iacute;a.</span></span></p>\r\n<p><span class=\"abb\"><span class=\"texto\">El <strong>observatorio secundario</strong> de la <strong>Torre de Tokyo</strong> se accede por otro set de ascensores que ascienden a los <strong>250 metros</strong>. Este observatorio especial te permite ver la ciudad a vista de p&aacute;jaro y es el tercero m&aacute;s alto de Tokyo. Cuando hace buen tiempo y hay una buena visibilidad puede llegar a verse el <strong>Monte Fuji</strong></span></span></p>\r\n<h3>C&oacute;mo llegar al Torre de Tokyo de Tokyo</h3>\r\n<hr />\r\n<h4>Paso 1</h4>\r\n<p><span class=\"abb\">Desde la estaci&oacute;n de Tokyo, por la l&iacute;nea \'Marunoichi Line\' en direcci&oacute;n a Ogikubo durante 2 paradas (5 minutos) hasta la estaci&oacute;n de <strong>Kasumigaseki</strong>.</span></p>\r\n<h4><span class=\"abb\">Precio</span></h4>\r\n<p><span class=\"abb\">170&yen;.</span></p>\r\n<h4><span class=\"abb\">Paso 2</span></h4>\r\n<p><span class=\"abb\"> Entonces hay que cambiar a la l&iacute;nea \'Hibiya Line\' en direcci&oacute;n a Naka-Meguro durante 1 parada (1 minuto) hasta la estaci&oacute;n de <strong>Kamiyacho</strong>.</span></p>\r\n<h4><span class=\"abb\">Precio</span></h4>\r\n<p><span class=\"abb\">Incluido en el primer billete.</span></p>\r\n<h4><span class=\"abb\">Paso 3</span></h4>\r\n<p><span class=\"abb\">Una vez all&iacute; habr&aacute; que andar 7 minutos en direcci&oacute;n <strong>sur</strong>.</span></p>\r\n<h3>Horario y Precio del Torre de Tokyo de Tokyo</h3>\r\n<hr />\r\n<h4>Horario</h4>\r\n<p><span class=\"abb\">De 09:00 a 23:00.</span></p>\r\n<h4><span class=\"abb\">Cerrado</span></h4>\r\n<p><span class=\"abb\">No cierran.</span></p>\r\n<h4><span class=\"abb\">Precio</span></h4>\r\n<p><span class=\"abb\">Primer observatorio = 900&yen;.</span></p>\r\n<p><span class=\"abb\">Primer y Segundo observatorio = 1600&yen;.</span></p>',2,1),(3,'Museo Ghibli',NULL,'<h3>Informaci&oacute;n sobre el Museo Ghibli de Tokyo</h3>\r\n<hr />\r\n<p><span class=\"abb\"><span class=\"texto\">El <strong>Museo Ghibli</strong> de <strong>Tokyo</strong> (三鷹の森ジブリ美術館, Mitaka no Mori Ghibli Bijutsukan) es el museo de arte y animaci&oacute;n de <strong>Hayao Miyazaki</strong> del <strong>Studio Ghibli</strong>, uno de los estudios de animaci&oacute;n m&aacute;s famosos e importantes de Jap&oacute;n y del mundo. El Estudio Ghibli ha producido pel&iacute;culas como Mi vecino Totoro, la Princesa Mononoke, El viaje de Chihiro, Ponyo y El viento se levanta, entre muchas otras.<br /><br />Este museo ha sido dise&ntilde;ado de forma que el visitante pueda sentirse envuelto en el mundo Ghibli nada m&aacute;s entrar, tambi&eacute;n podr&aacute; encontrar varios personajes que sin duda reconocer&aacute; a primera vista. Una de las atracciones m&aacute;s interesantes del Museo Ghibli es el robot de &lsquo;<strong>El castillo en el cielo</strong>&rsquo; de tama&ntilde;o real que se encuentra en el jard&iacute;n de la azotea.<br /><br />En la primera planta el <strong>Museo Ghibli</strong> expone la historia y las t&eacute;cnicas de la animaci&oacute;n que llevaron al Studio Ghibli a estar donde est&aacute;. En la segunda planta el visitante podr&aacute; ver exposiciones temporales que van cambiando cada cierto tiempo. Adem&aacute;s, el museo cuenta con una cafeter&iacute;a, un &aacute;rea para ni&ntilde;os y una tienda de recuerdos.</span></span></p>\r\n<h3>C&oacute;mo llegar al Museo Ghibli de Tokyo</h3>\r\n<hr />\r\n<h4>Paso 1</h4>\r\n<p><span class=\"abb\">Desde la estaci&oacute;n de Tokyo, por la l&iacute;nea \'Chuo Line\' en direcci&oacute;n a Ome durante 10 paradas (30 minutos) hasta la estaci&oacute;n de <strong>Kichijoji</strong>.</span></p>\r\n<h4><span class=\"abb\">Precio</span></h4>\r\n<p><span class=\"abb\">390&yen;.</span></p>\r\n<h4><span class=\"abb\">Paso 2</span></h4>\r\n<p><span class=\"abb\">Al llegar habr&aacute; que coger el autob&uacute;s n&uacute;mero \'01, 02, 03, 04, 05, 06, 11, 12, 13, 14 o 92\' de la parada que hay enfrente de la estaci&oacute;n Kichijoji durante 3 paradas (3 minutos) hasta la parada \'<strong>Mansukebashi</strong> (万助橋)\'.</span></p>\r\n<h4><span class=\"abb\">Precio</span></h4>\r\n<p><span class=\"abb\">220&yen;.</span></p>\r\n<h4><span class=\"abb\">Paso 3</span></h4>\r\n<p><span class=\"abb\">Una vez all&iacute; habr&aacute; que andar durante 2 minutos en direcci&oacute;n <strong>sur</strong>.</span></p>\r\n<h3>Horario y Precio del Museo Ghibli de Tokyo</h3>\r\n<hr />\r\n<h4>Horario</h4>\r\n<p><span class=\"abb\">De 10:00 a 18:00 (Hasta las 19:00 en S&aacute;bado).</span></p>\r\n<h4><span class=\"abb\">Cerrado</span></h4>\r\n<p><span class=\"abb\">Cerrado los Martes y en d&iacute;as festivos de fin de a&ntilde;o.</span></p>\r\n<h4><span class=\"abb\">Precio</span></h4>\r\n<p><span class=\"abb\">1000&yen;.</span></p>',3,1),(4,'Museo del Manga',NULL,'<h3>Informaci&oacute;n sobre el Museo del Manga de Kyoto</h3>\r\n<hr />\r\n<p><span class=\"abb\"><span class=\"texto\">El <strong>Museo Internacional del Manga</strong> de <strong>Kyoto</strong> (京都国際マンガミュージアム, Kyōto Kokusai Manga Museum) fue inaugurado en Noviembre del a&ntilde;o <strong>2006</strong>. Es un edificio de tres plantas y en casi todas sus paredes hay <strong>estanter&iacute;as llenas de c&oacute;mics manga</strong>. El <strong>gran n&uacute;mero de obras</strong> que se pueden encontrar en este museo es su <strong>atracci&oacute;n principal</strong> y el motivo principal para el turismo de gente de la propia ciudad.<br /><br />Una peque&ntilde;a secci&oacute;n del <strong>Museo Internacional del Manga</strong> est&aacute; dedicada a los <strong>extranjeros</strong> y se pueden encontrar c&oacute;mics manga <strong>traducidos al ingl&eacute;s</strong> y otros idiomas, pero la gran mayor&iacute;a est&aacute;n en japon&eacute;s.<br /><br />Adem&aacute;s de la gran cantidad de manga que se puede encontrar en este museo, tambi&eacute;n podr&aacute;s tener la oportunidad de descubrir la <strong>evoluci&oacute;n del manga internacionalmente</strong>. Se muestran varias obras de diversos <strong>artistas internacionales</strong>.<br /><br />De vez en cuando el museo hace exposiciones de varios temas relacionados con el manga pero tambi&eacute;n tiene una <strong>exposici&oacute;n permanente</strong> que puede verse todo el a&ntilde;o. El edificio en el que ahora hay el museo, anteriormente hab&iacute;a sido una <strong>escuela</strong> y todav&iacute;a se pueden ver algunos objetos de esa &eacute;poca.</span></span></p>\r\n<h3>C&oacute;mo llegar al Museo del Manga de Kyoto</h3>\r\n<hr />\r\n<h4>Paso 1</h4>\r\n<p><span class=\"abb\">Desde la estaci&oacute;n de Kyoto por la l&iacute;nea \'<strong>Karasuma Line</strong>\' en direcci&oacute;n a Kokusaikaikan durante 3 paradas (6 minutos) hasta la estaci&oacute;n de <strong>Karasumaoike</strong>.</span></p>\r\n<h4><span class=\"abb\">Precio</span></h4>\r\n<p><span class=\"abb\">230&yen;.</span></p>\r\n<h4><span class=\"abb\">Paso 2</span></h4>\r\n<p><span class=\"abb\">Desde all&iacute; habr&aacute; que andar durante 3 minutos en direcci&oacute;n <strong>norte</strong>.</span></p>\r\n<h3>Horario y Precio del Museo del Manga de Kyoto</h3>\r\n<hr />\r\n<h4>Horario</h4>\r\n<p><span class=\"abb\">De 10:00 a 18:00.</span></p>\r\n<h4><span class=\"abb\">Cerrado</span></h4>\r\n<p><span class=\"abb\">Cerrado los Mi&eacute;rcoles y durante los festivos de a&ntilde;o nuevo.</span></p>\r\n<h4><span class=\"abb\">Precio</span></h4>\r\n<p><span class=\"abb\">800&yen;.</span></p>',3,2),(5,'Santuario Kifune',NULL,'<h3>Informaci&oacute;n sobre el Santuario Kifune de Kyoto</h3>\r\n<hr />\r\n<p><span class=\"abb\"><span class=\"texto\">El <strong>Santuario Kifune</strong> de <strong>Kyoto</strong> (貴船神社, Kifune Jinja) es tan importante en la religi&oacute;n y cultura japonesa que incluso se desarroll&oacute; un pueblo a su alrededor llamado <strong>Kibune</strong>, en honor al santuario. De acuerdo a la leyenda una diosa viaj&oacute; en un peque&ntilde;o bote por el r&iacute;o desde Osaka hasta la cima de las monta&ntilde;as del norte de Kyoto y el Santuario Kifune se construy&oacute; justo en el sitio donde su viaje en bote termin&oacute;. El r&iacute;o puede observarse durante todo el camino e incluso se encuentran restaurantes con una especie de terrazas construidas encima de &eacute;l.</span></span></p>\r\n<p><span class=\"abb\"><span class=\"texto\">El <strong>Santuario Kifune</strong> est&aacute; dedicado al Dios del agua y la lluvia y se cree que adem&aacute;s es el protector de aquellos que trabajan en la mar. En este santuario puedes conseguir un tipo de lectura de la fortuna &uacute;nico escrito en trozo de papel (<strong>Omikuji</strong>) que revela su mensaje solamente cuando es introducido en el agua. Delante del edificio principal encontrar&aacute;s una peque&ntilde;a fuente natural que la gente usa para descubrir su suerte. El lugar del santuario original, Okunomiya, est&aacute; a m&aacute;s o menos un kil&oacute;metro del <strong>Santuario Kifune</strong>, solamente se puede llegar andando o en coche subiendo el valle, es f&aacute;cil de descubrir ya que solamente hay un camino a seguir. Este santuario tiene una gran roca conocida como el bote de piedra de la que se dice que est&aacute; donde la diosa enterr&oacute; su bote.</span></span></p>\r\n<h3>C&oacute;mo llegar al Santuario Kifune de Kyoto</h3>\r\n<hr />\r\n<h4>Paso 1</h4>\r\n<p><span class=\"abb\">Desde la estaci&oacute;n de Kyoto hay que coger el autob&uacute;s n&uacute;mero 206 en direcci&oacute;n a \'<strong>Kitaoji Bus Terminal</strong> (北大路バスターミナル行)\' durante 20 paradas (29 minutos) hasta la parada <strong>Eidenmototanaka</strong>.</span></p>\r\n<h4><span class=\"abb\">Precio</span></h4>\r\n<p><span class=\"abb\">230&yen;.</span></p>\r\n<h4><span class=\"abb\">Paso 2</span></h4>\r\n<p><span class=\"abb\">Justo al lado encontrar&aacute;s la estaci&oacute;n Mototanaka en la cual tendr&aacute;s que coger el tren de la l&iacute;nea \'Eizan Main Line\' durante 13 paradas (28 minutos) hasta la estaci&oacute;n de <strong>Kurama</strong>.</span></p>\r\n<h4><span class=\"abb\">Precio</span></h4>\r\n<p><span class=\"abb\">420&yen;.</span></p>\r\n<h4><span class=\"abb\">Paso 3</span></h4>\r\n<p><span class=\"abb\">Al llegar tendr&aacute;s dos opciones, andar durante 30 minutos subiendo el valle o coger un autob&uacute;s que te llevar&aacute; muy cerca del Santuario Kifune.</span></p>\r\n<h4><span class=\"abb\">Precio</span></h4>\r\n<p><span class=\"abb\">160&yen;.</span></p>\r\n<h4><span class=\"abb\">Paso 4</span></h4>\r\n<p><span class=\"abb\">Una vez all&iacute; habr&aacute; que andar durante 3 minutos siguiendo el camino que sube al valle.</span></p>\r\n<h3>Horario y Precio del Santuario Kifune de Kyoto</h3>\r\n<hr />\r\n<h4>Horario</h4>\r\n<p><span class=\"abb\">De 06:00 a 20:00 (Hasta las 18:00 de Diciembre a Abril).</span></p>\r\n<h4><span class=\"abb\">Cerrado</span></h4>\r\n<p><span class=\"abb\">No cierran.</span></p>\r\n<h4><span class=\"abb\">Precio</span></h4>\r\n<p><span class=\"abb\">Gratuito.</span></p>',4,2),(6,'Torre de Kyoto',NULL,'<h3>Informaci&oacute;n sobre la Torre de Kyoto</h3>\r\n<hr />\r\n<p><span class=\"abb\"><span class=\"texto\">La <strong>Torre de Kyoto</strong> (京都タワー, Kyōto Tawa) mide <strong>131 metros</strong> de altura y es el edificio m&aacute;s alto de Kyoto, destaca sobretodo por estar en una ciudad con tantos edificios hist&oacute;ricos. Fue completada en <strong>1964</strong>, el mismo a&ntilde;o en el que se inaugur&oacute; el <strong>Shinkansen</strong> y los <strong>Juegos Ol&iacute;mpicos de Tokyo</strong>.<br /><br />A <strong>100 metros</strong> del suelo se puede acceder a un observatorio desde el cual tendr&aacute;s una visi&oacute;n de <strong>360 grados</strong> de la ciudad de Kyoto y, en d&iacute;as de buen tiempo incluso se puede llegar a ver la ciudad de Osaka.<br /><br />Al contrario que la Torre de Tokyo, la <strong>Torre de Kyoto</strong> est&aacute; construida encima de un centro comercial que contiene tiendas de recuerdos, restaurantes, un hotel llamado Kyoto Tower Hotel y tambi&eacute;n unos ba&ntilde;os p&uacute;blicos.</span></span></p>\r\n<h3>C&oacute;mo llegar a la Torre de Kyoto</h3>\r\n<hr />\r\n<h4>Paso 1</h4>\r\n<p><span class=\"abb\">Desde la estaci&oacute;n de Kyoto, andando durante 1 minuto en direcci&oacute;n <strong>norte</strong>.</span></p>\r\n<h3>Horario y Precio de la Torre de Kyoto</h3>\r\n<hr />\r\n<h4>Horario</h4>\r\n<p><span class=\"abb\">De 08:30 a 21:00.</span></p>\r\n<h4><span class=\"abb\">Cerrado</span></h4>\r\n<p><span class=\"abb\">No cierran.</span></p>\r\n<h4><span class=\"abb\">Precio</span></h4>\r\n<p><span class=\"abb\">770&yen;.</span></p>',2,2),(7,'Templo Shitennoji',NULL,'<h3><span class=\"abb\">I</span>nformaci&oacute;n sobre el Templo Shitennoji de Osaka</h3>\r\n<hr />\r\n<p><span class=\"abb\"><span class=\"texto\">El <strong>Templo Shitennoji</strong> de Osaka (四天王寺, Shitennōji) es uno de los templos <strong>m&aacute;s antiguos</strong> de Jap&oacute;n y el primero en ser construido por el estado. Fue fundado en el a&ntilde;o <strong>593</strong> por el <strong>Pr&iacute;ncipe Shotoku</strong>, quien dio apoyo a la introducci&oacute;n del budismo en el pa&iacute;s. Aunque el templo haya sido quemado much&iacute;simas veces a lo largo de los siglos, siempre ha vuelto a ser reconstruido muy cuidadosamente para poder reflejar su dise&ntilde;o original del <strong>siglo 6</strong>.</span></span></p>\r\n<p><span class=\"abb\"><span class=\"texto\">Hay libro acceso al terreno exterior del <strong>Templo Shitennoji</strong>, pero para poder entrar en el recinto interior, el Jard&iacute;n Gokuraku-jodo y ver los objetos antiguos del templo hay que pagar. En el patio de guijarros del recinto interior se puede encontrar una <strong>pagoda de cinco pisos</strong> a la que el visitante puede entrar y subir hasta la sala principal o <strong>Kondo</strong>, donde el Pr&iacute;ncipe Shotoku, fundador del <strong>Templo Shitennoji</strong>, fue enclaustrado como estatua de <strong>Kannon</strong>.</span></span></p>\r\n<p><span class=\"abb\"><span class=\"texto\">A pocos metros podr&aacute;s ver el <strong>Jard&iacute;n Gokuraku-jodo</strong>, que fue dise&ntilde;ado a base de descripciones del <strong>Para&iacute;so Occidental de Amida Buda</strong>. Entre otros muchos objetos antiguos que se pueden ver en el <strong>Templo Shitennoji</strong> destacan sus pinturas, escrituras y exhibiciones tem&aacute;ticas no permanentes.</span></span></p>\r\n<h3>C&oacute;mo llegar al Templo Shitennoji de Osaka</h3>\r\n<hr />\r\n<h4>Paso 1</h4>\r\n<p><span class=\"abb\">Desde la estaci&oacute;n de Osaka, por la l&iacute;nea \'Osaka Loop Line\' direcci&oacute;n Kamo durante 6 paradas (16 minutos) hasta llegar a la estaci&oacute;n de <strong>Tennoji</strong>.</span></p>\r\n<h4><span class=\"abb\">Precio</span></h4>\r\n<p><span class=\"abb\">190&yen;.</span></p>\r\n<h4><span class=\"abb\">Paso 2</span></h4>\r\n<p><span class=\"abb\">Al llegar habr&aacute; que andar durante 11 minutos direcci&oacute;n <strong>norte</strong>.</span></p>\r\n<h3>Horario y Precio del Templo Shitennoji de Osaka</h3>\r\n<hr />\r\n<h4>Horario</h4>\r\n<p><span class=\"abb\">De 08:30 a 16:30 (Hasta las 16:00 de Octubre a Marzo).</span></p>\r\n<h4><span class=\"abb\">Cerrado</span></h4>\r\n<p><span class=\"abb\">No cierran.</span></p>\r\n<h4><span class=\"abb\">Precio</span></h4>\r\n<p><span class=\"abb\">300&yen;.</span></p>',5,3),(8,'Santuario Sumiyoshi Taisha',NULL,'<h3>Informaci&oacute;n sobre el Santuario Sumiyoshi Taisha de Osaka</h3>\r\n<hr />\r\n<p><span class=\"abb\"><span class=\"texto\">El <strong>Santuario Sumiyoshi Taisha</strong> de <strong>Osaka</strong> (住吉大社, Sumiyoshi Taisha) es uno de los santuarios <strong>m&aacute;s antiguos</strong> de Jap&oacute;n. Fue fundado en el <strong>siglo 3</strong> antes de la introducci&oacute;n del budismo y muestra un estilo &uacute;nico de arquitectura llamada <strong>Sumiyoshi-zukuri</strong>, la cual est&aacute; libre de influencia extranjera. Solamente dos estilos m&aacute;s de arquitectura en santuarios est&aacute;n consideradas puramente japonesas: el <strong>Shinmei-zukuri</strong> de los <strong>Santuarios Ise</strong> y el <strong>Taisha-zukuri</strong> del <strong>Santuario Izumo</strong>.</span></span></p>\r\n<p><span class=\"abb\"><span class=\"texto\">El estilo del santuario, el Sumiyoshi-zukuri est&aacute; caracterizado por dos largos tejados decorados con dos sets de remates bifurcados y cinco palanquillas colocadas horizontalmente. Los edificios construidos con este estilo tienen la entrada debajo del tejado y est&aacute;n rodeadas por una cerca.</span></span></p>\r\n<p><span class=\"abb\"><span class=\"texto\">Este santuario es el principal y el m&aacute;s famoso de los casi dos mil santuarios Sumiyoshi que pueden encontrarse en Jap&oacute;n. Los santuarios Sumiyoshi enclaustran los <strong>Kami</strong> o dioses sinto&iacute;stas que protegen a los viajantes, pescadores y marineros en el mar. Este tipo de santuarios sol&iacute;an encontrarse cerca de los puertos.</span></span></p>\r\n<p><span class=\"abb\"><span class=\"texto\">El <strong>Santuario Sumiyoshi Taisha</strong> de Osaka tiene cuatro salas principales, las tres primeras est&aacute;n situadas en l&iacute;nea recta hacia el oeste mientras que las otras cuatro se han posicionado detr&aacute;s de la tercera. Este tipo de posicionamiento es muy raro de ver en Jap&oacute;n ya que los santuarios construidos despu&eacute;s del <strong>Per&iacute;odo Nara</strong> (710-794) suelen estar encaradas en direcci&oacute;n sur por la <strong>geomancia china</strong>.</span></span></p>\r\n<h3>C&oacute;mo llegar al Santuario Sumiyoshi Taisha de Osaka</h3>\r\n<hr />\r\n<h4>Paso 1</h4>\r\n<p><span class=\"abb\">Desde la estaci&oacute;n de Osaka, hay que coger el tren de la l&iacute;nea \'JR Loop Line\' en direcci&oacute;n a Counter-Clockwise durante 8 paradas (17 minutos) hasta la estaci&oacute;n de <strong>Shin-Imamiya</strong>.</span></p>\r\n<h4><span class=\"abb\">Precio</span></h4>\r\n<p><span class=\"abb\">180&yen;.</span></p>\r\n<h4><span class=\"abb\">Paso 2</span></h4>\r\n<p><span class=\"abb\">Entonces hay que coger el tren de la l&iacute;nea \'Nankai Line\' en direcci&oacute;n a Kansai-Airport durante 4 paradas (6 minutos) hasta la estaci&oacute;n de <strong>Sumiyoshi Taisha</strong>.</span></p>\r\n<h4><span class=\"abb\">Precio</span></h4>\r\n<p><span class=\"abb\">210&yen;.</span></p>\r\n<h3>Horario y Precio del Santuario Sumiyoshi Taisha de Osaka</h3>\r\n<hr />\r\n<h4>Horario</h4>\r\n<p><span class=\"abb\">De 06:00 a 17:00.</span></p>\r\n<h4><span class=\"abb\">Cerrado</span></h4>\r\n<p><span class=\"abb\">No cierran.</span></p>\r\n<h4><span class=\"abb\">Precio</span></h4>\r\n<p><span class=\"abb\">Gratuito</span></p>',4,3),(9,'Castillo de Nagoya',NULL,'<h3>Informaci&oacute;n sobre el Castillo de Nagoya</h3>\r\n<hr />\r\n<p>El&nbsp;<strong>Castillo de Nagoya</strong>&nbsp;(名古屋城, Nagoya-jō) fue construido en el a&ntilde;o 1525 aproximadamente. La construcci&oacute;n del segundo castillo fue ordenada por Tokugawa Ieyasu en 1610 y se termin&oacute; en 1612.<br /><br />Durante la segunda guerra mundial, en el a&ntilde;o 1945, el castillo fue quemado por completo junto con la mayor&iacute;a de objetos de valor que hab&iacute;a dentro debido a un ataque a&eacute;reo. El castillo que se puede ver ahora es una reconstrucci&oacute;n hecha en 1959.</p>\r\n<p>&nbsp;</p>\r\n<h3>C&oacute;mo llegar al Castillo de Nagoya</h3>\r\n<hr />\r\n<h4>Paso 1</h4>\r\n<p>Desde la estaci&oacute;n de Nagoya&nbsp;hay que coger el autob&uacute;s de la estaci&oacute;n que hay delante durante 6 paradas (10 minutos) hasta \'<strong>Sotobori</strong>&nbsp;(外堀通)\'.</p>\r\n<h4>Precio</h4>\r\n<p>210&yen;.</p>\r\n<p>&nbsp;</p>\r\n<h3>Horario y Precio del Castillo de Nagoya</h3>\r\n<hr />\r\n<h4>&nbsp;Horario</h4>\r\n<p class=\"texto separador\">&nbsp; De 09:00 a 16:30 .</p>\r\n<h4>&nbsp;Cerrado</h4>\r\n<p class=\"texto separador\">&nbsp; Cerrado del 29 de Diciembre al 1 de Enero.</p>\r\n<h4>&nbsp;Precio</h4>\r\n<p class=\"texto\">&nbsp; 500&yen; .</p>',6,4),(10,'Parque de la Paz de Hiroshima',NULL,'<h3>Informaci&oacute;n sobre el Parque de la Paz de Hiroshima</h3>\r\n<hr />\r\n<p><span class=\"texto\">El&nbsp;<strong>Parque de la Paz de Hiroshima</strong>&nbsp;(平和記念公園, Heiwa Kinen Kōen) es una de las atracci&oacute;nes principales de la ciudad. Dedicado a las v&iacute;ctimas que murieron a causa de la bomba lanzada por los Estados Unidos.</span></p>\r\n<p>&nbsp;</p>\r\n<h3>C&oacute;mo llegar al Parque de la Paz de Hiroshima</h3>\r\n<hr />\r\n<div id=\"comollegar\">\r\n<h4>Paso 1</h4>\r\n<p class=\"texto separador\">Desde la estaci&oacute;n de Hiroshima&nbsp;hay que ir a la estaci&oacute;n de autobuses que hay enfrente y coger el n&uacute;mero&nbsp;<strong>22</strong>&nbsp;durante 6 paradas (10 minutos) hasta la parada llamada&nbsp;<strong>Genbaku Dome-mae</strong>.</p>\r\n<h4>Precio</h4>\r\n<p>160&yen; .</p>\r\n<p>&nbsp;</p>\r\n<h3>Horario y Precio del Parque de la Paz de Hiroshima</h3>\r\n<hr />\r\n<h4>Horario</h4>\r\n<p>De 08:30 a 18:00 (Hasta las 19:00 en Agosto y hasta las 17:00 de Diciembre a Febrero).</p>\r\n<h4>Cerrado</h4>\r\n<p>Cerrado del 29 de Diciembre al 1 de Enero.</p>\r\n<h4>Precio</h4>\r\n<p>50&yen;.</p>\r\n</div>',7,5),(11,'Castillo de Himeji',NULL,'<h3>Informaci&oacute;n sobre el Castillo de Himeji</h3>\r\n<hr />\r\n<p>El Castillo de Himeji (姫路城, Himejijō) tambi&eacute;n conocido como Shirasagijo o Castillo de la Garza Blanca dada su elegante apariencia es considerado el mejor y m&aacute;s espectacular castillo de Jap&oacute;n, y no solo por su edificio principal, tambi&eacute;n por sus murallas y jardines. Este castillo es un tesoro nacional y tambi&eacute;n patrimonio de la humanidad. Adem&aacute;s es uno de los doce castillos originales que han sobrevivido a desastres naturales y guerras desde que termin&oacute; el feudalismo, aunque ha sido renovado en varias ocasiones. La &uacute;ltima renovaci&oacute;n fue terminada en Marzo de 2015, entonces lo reabrieron al p&uacute;blico y el visitante ya puede volver a ver su interior.</p>\r\n<p>&nbsp;</p>\r\n<h3>C&oacute;mo llegar al Castillo de Himeji</h3>\r\n<hr />\r\n<h4>Paso 1</h4>\r\n<p>Desde la estaci&oacute;n de Himeji andando durante 10 minutos en direcci&oacute;n norte.</p>\r\n<p>&nbsp;</p>\r\n<h3>Horario y Precio del Castillo de Himeji</h3>\r\n<hr />\r\n<h4>Horario</h4>\r\n<p>De 09:00 a 17:00 (Hasta las 18:00 desde finales de Abril hasta Agosto).</p>\r\n<h4>Cerrado</h4>\r\n<p>Cerrado el 29 y 30 de Diciembre.</p>\r\n<h4>Precio</h4>\r\n<p>1000&yen;.</p>\r\n<p>Castillo de Himeji + Jard&iacute;n Kokoen = 1040&yen;.</p>',6,6);
/*!40000 ALTER TABLE `atracciones` ENABLE KEYS */;
UNLOCK TABLES;

--
-- Table structure for table `ciudades`
--

DROP TABLE IF EXISTS `ciudades`;
/*!40101 SET @saved_cs_client     = @@character_set_client */;
/*!50503 SET character_set_client = utf8mb4 */;
CREATE TABLE `ciudades` (
  `Id` int(11) NOT NULL AUTO_INCREMENT,
  `Nombre` varchar(45) NOT NULL,
  `Portada` varchar(45) DEFAULT NULL,
  `Contenido` text NOT NULL,
  PRIMARY KEY (`Id`)
) ENGINE=InnoDB AUTO_INCREMENT=7 DEFAULT CHARSET=utf8;
/*!40101 SET character_set_client = @saved_cs_client */;

--
-- Dumping data for table `ciudades`
--

LOCK TABLES `ciudades` WRITE;
/*!40000 ALTER TABLE `ciudades` DISABLE KEYS */;
INSERT INTO `ciudades` VALUES (1,'Tokyo-shi',NULL,'<p>La ciudad de Tokyo (東京市, Tokyo-shi) es la capital de la Prefectura de Tokyo. Es la ciudad m&aacute;s poblada de Jap&oacute;n y el destinto tur&iacute;stico principal del pa&iacute;s.</p>\r\n<p>&nbsp;</p>\r\n<h3>Mapa de Tokyo-shi</h3>\r\n<hr />\r\n<div class=\"tiny-pageembed\"><iframe src=\"https://www.google.com/maps/embed?pb=!1m18!1m12!1m3!1d3240.8280303808788!2d139.76493611525882!3d35.68123618019432!2m3!1f0!2f0!3f0!3m2!1i1024!2i768!4f13.1!3m3!1m2!1s0x60188bfbd89f700b%3A0x277c49ba34ed38!2sEstaci%C3%B3n%20de%20Tokio!5e0!3m2!1ses-419!2smx!4v1576127403235!5m2!1ses-419!2smx\" width=\"800px\" height=\"450px\" scrolling=\"no\"></iframe></div>'),(2,'Kyoto',NULL,'<p><span class=\"texto\">La ciudad de <strong>Kyoto</strong> (京都, Kyōto) es la antigua capital de Jap&oacute;n y la residencia del emperador durante el a&ntilde;o 794 hasta el 1868. Adem&aacute;s, tambi&eacute;n es la capital de la Prefectura de Kyoto.<br /><br />Se dice que el primer asentamiento humano en Jap&oacute;n data del a&ntilde;o 10.000 a.C. pero esta ciudad no fue habitada hasta el siglo 7 d.C. por el Clan Hata.<br /><br />A lo largo de los siglos la ciudad de Kyoto ha sido destruida en muchas guerras e incendios pero debido a su gran valor hist&oacute;rico fue descartada de la lista de ciudades a las que lanzar la bomba at&oacute;mica durante la Segunda Guerra Mundial.</span></p>\r\n<p>&nbsp;</p>\r\n<h3><span class=\"texto\">Mapa de Kyoto</span></h3>\r\n<hr />\r\n<div class=\"tiny-pageembed\"><iframe src=\"https://www.google.com/maps/embed?pb=!1m18!1m12!1m3!1d3268.832943353791!2d135.7565780147787!3d34.985848980362306!2m3!1f0!2f0!3f0!3m2!1i1024!2i768!4f13.1!3m3!1m2!1s0x600108ae918b02ef%3A0xb61a446e74a21c08!2sEstaci%C3%B3n%20de%20Kioto!5e0!3m2!1ses-419!2smx!4v1576131364175!5m2!1ses-419!2smx\" width=\"800px\" height=\"450px\" scrolling=\"no\"></iframe></div>'),(3,'Osaka',NULL,'<p><span class=\"texto\">La ciudad de <strong>Osaka</strong> (大阪市, Osaka-shi) es la capital de la Prefectura de Osaka (大阪府, Ōsaka-fu) y es la tercera ciudad m&aacute;s grande de Jap&oacute;n.<br /><br />Se encuentra en la isla principal del archipi&eacute;lago, <strong>Honshū</strong> (本州, Honshū), en la desembocadura del r&iacute;o Yodo, en la bah&iacute;a de Osaka. La ciudad es uno de los puertos y centros industriales m&aacute;s importantes de Jap&oacute;n, as&iacute; como la capital de la prefectura de Osaka.</span></p>\r\n<p>&nbsp;</p>\r\n<h3>Mapa de Osaka</h3>\r\n<hr />\r\n<div class=\"tiny-pageembed\"><iframe src=\"https://www.google.com/maps/embed?pb=!1m18!1m12!1m3!1d3280.106828216201!2d135.4937619147694!3d34.70248538043406!2m3!1f0!2f0!3f0!3m2!1i1024!2i768!4f13.1!3m3!1m2!1s0x6000e68d95e3a70b%3A0x1baec822e859c84a!2sEstaci%C3%B3n%20de%20Osaka!5e0!3m2!1ses-419!2smx!4v1576133681355!5m2!1ses-419!2smx\" width=\"800px\" height=\"450px\" scrolling=\"no\"></iframe></div>'),(4,'Nagoya',NULL,'<p>La ciudad de&nbsp;<strong>Nagoya</strong>&nbsp;(名古屋市, Nagoya-shi) es la capital de la&nbsp;Prefectura de Aichi&nbsp;y la cuarta ciudad m&aacute;s grande de Jap&oacute;n.</p>\r\n<p>&nbsp;</p>\r\n<h3>Mapa de Nagoya</h3>\r\n<hr />\r\n<div class=\"tiny-pageembed\"><iframe src=\"https://www.google.com/maps/embed?pb=!1m14!1m8!1m3!1d6522.853482819563!2d136.881537!3d35.170915!3m2!1i1024!2i768!4f13.1!3m3!1m2!1s0x0%3A0x81f7204bf8261663!2sEstaci%C3%B3n%20Nagoya!5e0!3m2!1ses-419!2sus!4v1576159077851!5m2!1ses-419!2sus\" width=\"800\" height=\"450px\" scrolling=\"no\"></iframe></div>'),(5,'Hiroshima',NULL,'<p>La ciudad de&nbsp;<strong>Hiroshima</strong>&nbsp;(広島市, Hiroshima-shi) est&aacute; situada en la&nbsp;Prefectura de Hiroshima&nbsp;y su atracci&oacute;n principal es el Parque de la Paz.</p>\r\n<p>&nbsp;</p>\r\n<h3>Mapa de Hiroshima</h3>\r\n<hr />\r\n<div class=\"tiny-pageembed\"><iframe src=\"https://www.google.com/maps/embed?pb=!1m14!1m8!1m3!1d6584.289466690158!2d132.475379!3d34.397667!3m2!1i1024!2i768!4f13.1!3m3!1m2!1s0x0%3A0x28413f32450be7eb!2sHIROSHIMA%20STATION!5e0!3m2!1ses-419!2ses!4v1576159358988!5m2!1ses-419!2ses\" width=\"800px\" height=\"450px\" scrolling=\"no\"></iframe></div>'),(6,'Himeji',NULL,'<p>La ciudad de&nbsp;<strong>Himeji</strong>&nbsp;(姫路市, Himeji-shi) se encuentra en la&nbsp;Prefectura de Hyogo&nbsp;y es hogar del castillo m&aacute;s famoso de Jap&oacute;n, el Castillo de Himeji, que se convierte en la atracci&oacute;n principal de todo el pa&iacute;s durante la &eacute;poca de los cerezos en flor desde finales de Marzo a principios de Abril.</p>\r\n<p>&nbsp;</p>\r\n<h3>Mapa de Himeji</h3>\r\n<hr />\r\n<div class=\"tiny-pageembed\"><iframe src=\"https://www.google.com/maps/embed?pb=!1m18!1m12!1m3!1d419134.78815701336!2d134.33765567935612!3d34.84389986699867!2m3!1f0!2f0!3f0!3m2!1i1024!2i768!4f13.1!3m3!1m2!1s0x3554e22d19ebd8d1%3A0xdbab934d716b0b69!2sHimeji%2C%20Prefectura%20de%20Hy%C5%8Dgo%2C%20Jap%C3%B3n!5e0!3m2!1ses-419!2ses!4v1576159617585!5m2!1ses-419!2ses\" width=\"800\" height=\"450px\" scrolling=\"no\"></iframe></div>');
/*!40000 ALTER TABLE `ciudades` ENABLE KEYS */;
UNLOCK TABLES;

--
-- Table structure for table `comidas`
--

DROP TABLE IF EXISTS `comidas`;
/*!40101 SET @saved_cs_client     = @@character_set_client */;
/*!50503 SET character_set_client = utf8mb4 */;
CREATE TABLE `comidas` (
  `Id` int(11) NOT NULL AUTO_INCREMENT,
  `Nombre` varchar(45) NOT NULL,
  `Portada` varchar(45) DEFAULT NULL,
  `Descripcion` text NOT NULL,
  `IdCiudad` int(11) NOT NULL,
  PRIMARY KEY (`Id`),
  KEY `fk_Comidas_Ciudades1_idx` (`IdCiudad`),
  CONSTRAINT `fk_Comidas_Ciudades1` FOREIGN KEY (`IdCiudad`) REFERENCES `ciudades` (`Id`) ON DELETE NO ACTION ON UPDATE NO ACTION
) ENGINE=InnoDB AUTO_INCREMENT=12 DEFAULT CHARSET=utf8;
/*!40101 SET character_set_client = @saved_cs_client */;

--
-- Dumping data for table `comidas`
--

LOCK TABLES `comidas` WRITE;
/*!40000 ALTER TABLE `comidas` DISABLE KEYS */;
INSERT INTO `comidas` VALUES (1,'Sushi',NULL,'<p><em><strong>Sushi</strong></em><span style=\"font-weight: normal;\"> (<span class=\"t_nihongo_kanji\" lang=\"ja\">鮨, 鮓, 寿司 o 壽司</span>)</span> es un plato t&iacute;pico de origen japon&eacute;s basado en arroz aderezado con vinagre de arroz, az&uacute;car y sal y combinado con otros ingredientes como pescados, mariscos y verduras. Este plato es uno de los m&aacute;s reconocidos de la gastronom&iacute;a japonesa y uno de los m&aacute;s populares internacionalmente.<sup id=\"cite_ref-6\" class=\"reference separada\"></sup></p>\r\n<p>Aunque normalmente se asocia el <em>sushi</em> con el pescado y el marisco, tambi&eacute;n puede llevar verduras o huevo, o incluso cualquier otro acompa&ntilde;ante.</p>',1),(2,'Tempura',NULL,'<p>La <em><strong>tempura</strong></em> se refiere a la fritura r&aacute;pida japonesa, en especial a los mariscos y verduras. Cada trozo de comida debe tener el tama&ntilde;o de un bocado y se fr&iacute;e en aceite a 180 ℃ tan solo durante dos o tres minutos.</p>\r\n<p>La palabra se pronuncia y escribe en japon&eacute;s <em><strong>tenpura</strong></em><span style=\"font-weight: normal;\"> (<span class=\"t_nihongo_kanji\" lang=\"ja\">てんぷら</span><span class=\"t_nihongo_help\"><sup><a title=\"Ayuda:Idioma japon&eacute;s\" href=\"https://es.wikipedia.org/wiki/Ayuda:Idioma_japon%C3%A9s\"><span class=\"t_nihongo_icon\" style=\"color: darkblue; font: bold 80% sans-serif; text-decoration: none; padding: 0 .1em;\">?</span></a></sup></span>)</span>.</p>\r\n<p>En restaurantes destacados se suele utilizar aceite de s&eacute;samo o una mezcla de este aceite con otros. Antes de llevarse el trozo a la boca suele mojarse en una salsa (Tentsuyu) hecha a base de caldo, salsa de soja y sake dulce al que se le agrega ralladura de jengibre, ralladura de r&aacute;bano y especias.</p>',1),(3,'Ramen',NULL,'<p>El <strong>ramen</strong><span style=\"font-weight: normal;\"> (<span class=\"t_nihongo_kanji\" lang=\"ja\">ラーメン</span>)</span> es un plato japon&eacute;s. Si bien cada regi&oacute;n de Jap&oacute;n tiene su propia receta de ramen, la preparaci&oacute;n b&aacute;sica consiste en distintos tipos de fideos japoneses servidos en un caldo preparado com&uacute;nmente a base de carne, miso y salsa de soja as&iacute; como diferentes guarniciones como rebanadas de carne de cerdo (char siu - チャーシュ), algas (nori - 海苔), menma (メンマ) y cebolleta (negi - 葱).</p>\r\n<p>Hoy en d&iacute;a, el ramen se ha integrado con tal fuerza en la gastronom&iacute;a japonesa que se considera un producto netamente japon&eacute;s y b&aacute;sico en la dieta de dicho pa&iacute;s. Suele consumirse en establecimientos de comida r&aacute;pida, en puestos ambulantes o en casa, siendo uno de los alimentos m&aacute;s baratos que se pueden conseguir.</p>',1),(4,'Okonomiyaki',NULL,'<p>El <strong>okonomiyaki</strong><span style=\"font-weight: normal;\"> (<span class=\"t_nihongo_kanji\" lang=\"ja\">お好み焼き</span>)</span> es una comida japonesa que consiste en una masa con varios ingredientes cocinados a la plancha. La palabra okonomiyaki est&aacute; formada por el honor&iacute;fico <em>o</em><span style=\"font-weight: normal;\"> (<span class=\"t_nihongo_kanji\" lang=\"ja\">お</span>)</span>, <em>konomi</em><span style=\"font-weight: normal;\"> (<span class=\"t_nihongo_kanji\" lang=\"ja\">好み</span> <span class=\"t_nihongo_romaji\"><em>gusto</em></span>)</span> y <em>yaki</em><span style=\"font-weight: normal;\"> (<span class=\"t_nihongo_kanji\" lang=\"ja\">焼き</span> <span class=\"t_nihongo_romaji\"><em>cocinado a la plancha</em></span>)</span>, significando \"cocinado (a la plancha) a su gusto\" (en referencia al cliente, o puede ser tambi&eacute;n (alimento) huevo y repollo en juliana, junto con otros ingredientes dependiendo del tipo de referencia al cocinero).</p>\r\n<p>La masa cocinada consiste en una base de harina, &ntilde;ame rallado, agua, huevo okonomiyaki deseado. Algunos ingredientes comunes son la cebolleta o cebolla de verdeo, carne, calamar, camarones, vegetales, kimchi, mochi y queso. Una vez listo el okonomiyaki, este es cubierto con salsa de okonomiyaki, mayonesa, aonori y katsuobushi. Estos ingredientes se proporcionan aparte para utilizarlos al gusto del consumidor.</p>\r\n<p>Seg&uacute;n el restaurante, la preparaci&oacute;n del okonomiyaki es llevada a cabo por el cocinero delante del cliente en una plancha, o por los propios comensales, a los que se les proporcionan los ingredientes. En este &uacute;ltimo caso, se sirven varios cuencos, uno con el preparado de col que forma la base del okonomiyaki, y el resto con los ingredientes elegidos. Para cocinar el okonomiyaki hay que verter los ingredientes sobre la plancha, cocinarlo por ambos lados usando dos esp&aacute;tulas, una grande (para poder darle la vuelta) y otra peque&ntilde;a (para manipularlo con facilidad), y una vez listo cubrirlo con la salsa y el resto de ingredientes antes mencionados.</p>',2),(5,'Yudofu',NULL,'<p>Yudofu (湯 豆腐) es un plato tradicional japon&eacute;s que com&uacute;nmente se come en invierno. Se clasifica como un plato de olla caliente japon&eacute;s. \"Yu\" significa agua caliente en japon&eacute;s y \"dofu\" es tofu, por lo que a veces se traduce como \"tofu caliente\".</p>\r\n<p>Es el plato de tofu m&aacute;s simple y definitivo que te permite disfrutar de los sabores naturales del tofu. Los ingredientes son solo tofu, agua, algas marinas y una salsa de inmersi&oacute;n. Tambi&eacute;n es un plato saludable y bajo en calor&iacute;as que contiene prote&iacute;nas y los ocho amino&aacute;cidos esenciales.</p>',2),(6,'Sukiyaki',NULL,'<p>El <strong>sukiyaki</strong><span style=\"font-weight: normal;\"> (<span class=\"t_nihongo_kanji\" lang=\"ja\">鋤焼</span> o m&aacute;s com&uacute;n すき焼き; スキヤキ)</span> es un plato japon&eacute;s dentro del estilo <em>nabemono</em> (cocina al vapor japonesa).</p>\r\n<p>Este consiste en carne (normalmente trozos muy finos de ternera) o en la versi&oacute;n vegetariana hecha de tofu, cocido a fuego lento o hervido en la mesa, junto con vegetales y otros ingredientes, en una olla poco profunda en una mezcla de salsa de soja, az&uacute;car y <em>mirin</em>. Antes de comerlo, los ingredientes se meten en un cuenco peque&ntilde;o con huevo crudo batido.</p>\r\n<p>Un tema com&uacute;n en la comida japonesa es que cualquiera puede hacer un sukiyaki pasable incluso con el presupuesto m&aacute;s ajustado.</p>',2),(7,'Takoyaki',NULL,'<p>El <strong>Takoyaki</strong><span style=\"font-weight: normal;\"> (<span class=\"t_nihongo_kanji\" lang=\"ja\">たこ焼き o 蛸焼</span>)</span> es una comida japonesa hecha a base de harina de trigo y pulpo. Se hace en forma de una bola (del tama&ntilde;o de la de Ping Pong). Sus ingredientes son: masa de harina de trigo con agua, trozos de pulpo, jengibre encurtido troceado, alga (ao-nori), etc. Es t&iacute;pico de la regi&oacute;n de Osaka.</p>',3),(8,'Kushikatsu',NULL,'<p>El <strong>Kushikatsu</strong><span style=\"font-weight: normal;\"> (<span class=\"t_nihongo_kanji\" lang=\"ja\">串カツ</span>)</span> es un estilo japon&eacute;s de las brochetas o kebab. En japon&eacute;s, <em>kushi</em><span style=\"font-weight: normal;\"> (<span class=\"t_nihongo_kanji\" lang=\"ja\">串</span>)</span> se refiere al pincho utilizado mientras que <em>katsu</em> significa rebanada de carne frita en aceite.</p>\r\n<p>El <em>kushikatsu</em> puede elaborarse con pollo, carne, cerdo, pescado y/o vegetales de temporada. Estos se insertan en un <em>kushi</em> de bamb&uacute; y se fr&iacute;en en aceite vegetal. Pueden servirse solas o con alguna salsa.</p>',3),(9,'Gyozas',NULL,'<p>Las Gyozas son la versi&oacute;n japonesa de las empanadillas Chinas, aunque existen distintas versiones, se pueden preparar con muy pocos ingredientes.</p>\r\n<p>El m&eacute;todo m&aacute;s com&uacute;n de preparaci&oacute;n de los Gyoza es en la sart&eacute;n, es un proceso en el que primero se fr&iacute;en, dejando la parte de la base tostada y crujiente, posteriormente se a&ntilde;ade agua para que se cocine el relleno y la parte superior de los Gyoza. Luego se le pone un toque de aceite de s&eacute;samo que aromatiza y da un sabor muy caracter&iacute;stico a estas empanadillas.</p>\r\n<p>La salsa con la que se acompa&ntilde;an es una mezcla de sabores muy asi&aacute;ticos como la salsa de soja que da un punto salado y tostado, el punto &aacute;cido del vinagre de arroz y el toque arom&aacute;tico del aceite de s&eacute;samo.</p>',3),(10,'Karee Udon',NULL,'<p>El Karee Udon es una sopa de curry con fideos udon muy popular en Nagoya. Se origin&oacute; en Tokio durante el per&iacute;odo Meiji. Y a medida que fue cogiendo fama fue extendi&eacute;ndose por todo el pa&iacute;s. El estilo de la sopa de curry de Nagoya est&aacute; elaborado con un roux picante, es de textura espesa y cremosa. La sopa de curry se elabora con una base de caldo de pollo y dashi, pimienta roja, pimienta negra.Se acompa&ntilde;a con trozos gruesos de tofu frito, cebolleta, kamaboko hervido y se sirve con udon (fideos gruesos).</p>\r\n<p>Uno de los restaurantes con m&aacute;s tradici&oacute;n en la ciudad es el&nbsp;<strong>Wakashachiya</strong>&nbsp;(若鯱屋), establecido en 1987, tiene m&aacute;s de 50 restaurantes por todo el pa&iacute;s. Aqu&iacute; no s&oacute;lo puedes probar el aut&eacute;ntico Karee Udon de Nagoya sino que el men&uacute; tiene una gran variedad de toppings para elegir.</p>',4),(11,'Anago Meshi',NULL,'<p>\"Anago Meshi\" es un platillo con anguila de mar a la parrilla con arroz y de salsa dulce-salado. El arroz se cocina con caldo de algas kombu, la cabeza y los huesos de anguila de mar. Tambi&eacute;n se puede mezclar la anguila y el arroz juntos para comer. El platillo se origina en \"Anago Donburi\" (taz&oacute;n de arroz con mar de anguila), el cual es un plato de los pescadores de Setonaikai (mar interior de Jap&oacute;n).</p>\r\n<p>Este plato fue modificado y se convirti&oacute; en un almuerzo que se vend&iacute;a en las estaciones de tren durante el per&iacute;odo Meiji (1968-12). Los viajeros disfrutaban el men&uacute; e hicieron este plato famoso. El platillo se difundi&oacute; en todo el pa&iacute;s a lo largo de la l&iacute;nea principal de Sanyo (l&iacute;nea ferroviaria que conecta Kobe y Moji).</p>\r\n<p>Se trata de una cocina regional que sigue siendo muy popular; como una comida que se vende en las estaciones de tren.</p>',5);
/*!40000 ALTER TABLE `comidas` ENABLE KEYS */;
UNLOCK TABLES;

--
-- Table structure for table `tipoatraccion`
--

DROP TABLE IF EXISTS `tipoatraccion`;
/*!40101 SET @saved_cs_client     = @@character_set_client */;
/*!50503 SET character_set_client = utf8mb4 */;
CREATE TABLE `tipoatraccion` (
  `Id` int(11) NOT NULL AUTO_INCREMENT,
  `Tipo` varchar(45) NOT NULL,
  PRIMARY KEY (`Id`)
) ENGINE=InnoDB AUTO_INCREMENT=8 DEFAULT CHARSET=utf8;
/*!40101 SET character_set_client = @saved_cs_client */;

--
-- Dumping data for table `tipoatraccion`
--

LOCK TABLES `tipoatraccion` WRITE;
/*!40000 ALTER TABLE `tipoatraccion` DISABLE KEYS */;
INSERT INTO `tipoatraccion` VALUES (1,'Jardines'),(2,'Torres'),(3,'Museos'),(4,'Santuarios'),(5,'Templos'),(6,'Castillos'),(7,'Parques');
/*!40000 ALTER TABLE `tipoatraccion` ENABLE KEYS */;
UNLOCK TABLES;

--
-- Table structure for table `usuarios`
--

DROP TABLE IF EXISTS `usuarios`;
/*!40101 SET @saved_cs_client     = @@character_set_client */;
/*!50503 SET character_set_client = utf8mb4 */;
CREATE TABLE `usuarios` (
  `Id` int(11) NOT NULL AUTO_INCREMENT,
  `Contrasena` varchar(128) NOT NULL,
  `Nombre` varchar(20) NOT NULL,
  `Rol` varchar(20) NOT NULL,
  PRIMARY KEY (`Id`)
) ENGINE=InnoDB AUTO_INCREMENT=5 DEFAULT CHARSET=utf8;
/*!40101 SET character_set_client = @saved_cs_client */;

--
-- Dumping data for table `usuarios`
--

LOCK TABLES `usuarios` WRITE;
/*!40000 ALTER TABLE `usuarios` DISABLE KEYS */;
INSERT INTO `usuarios` VALUES (2,'admina1','operador','Admin'),(3,'password','usuarioTest','user'),(4,'1234','tavo','Admin');
/*!40000 ALTER TABLE `usuarios` ENABLE KEYS */;
UNLOCK TABLES;

--
-- Dumping routines for database 'dbturismojapon'
--
/*!40103 SET TIME_ZONE=@OLD_TIME_ZONE */;

/*!40101 SET SQL_MODE=@OLD_SQL_MODE */;
/*!40014 SET FOREIGN_KEY_CHECKS=@OLD_FOREIGN_KEY_CHECKS */;
/*!40014 SET UNIQUE_CHECKS=@OLD_UNIQUE_CHECKS */;
/*!40101 SET CHARACTER_SET_CLIENT=@OLD_CHARACTER_SET_CLIENT */;
/*!40101 SET CHARACTER_SET_RESULTS=@OLD_CHARACTER_SET_RESULTS */;
/*!40101 SET COLLATION_CONNECTION=@OLD_COLLATION_CONNECTION */;
/*!40111 SET SQL_NOTES=@OLD_SQL_NOTES */;

-- Dump completed on 2019-12-12 14:09:44
